distancia_puntos,codigo_dispositivos
1.2280688321345006,"['13084991', '14455588']"
1.2280688321345006,"['14700413', '15472822']"
1.2280688321345006,"['13084991', '15472822']"
1.2280688321345006,"['14455588', '14700413']"
1.210704050745959,"['14700413', '14017875']"
1.210704050745959,"['13084991', '14017875']"
1.1907281114481385,"['15377427', '14700413']"
1.1907281114481385,"['13084991', '14890156']"
1.1907281114481385,"['13084991', '15380264']"
1.1907281114481385,"['13084991', '14714067']"
